{"cameraMode":{"drawMode":0,"name":"Shaded","section":"Shading Mode"},"sceneLighting":true,"audioPlay":false,"sceneViewState":{"m_AlwaysRefresh":false,"showFog":true,"showSkybox":true,"showFlares":true,"showImageEffects":true,"showParticleSystems":true,"showVisualEffectGraphs":true,"m_FxEnabled":true},"in2DMode":false,"pivot":{"x":13.413740158081055,"y":-1.3315417766571046,"z":2.5363893508911135},"rotation":{"x":-0.21984663605690003,"y":0.34431496262550356,"z":-0.0832768976688385,"w":-0.9089595675468445},"size":4.584323883056641,"orthographic":false}