{"cameraMode":{"drawMode":0,"name":"Shaded","section":"Shading Mode"},"sceneLighting":false,"audioPlay":false,"sceneViewState":{"m_AlwaysRefresh":false,"showFog":true,"showSkybox":false,"showFlares":true,"showImageEffects":true,"showParticleSystems":true,"showVisualEffectGraphs":true,"m_FxEnabled":true},"in2DMode":false,"pivot":{"x":-0.5096321105957031,"y":0.3369542956352234,"z":-0.329738587141037},"rotation":{"x":0.031586240977048877,"y":-0.7064089775085449,"z":-0.03159629926085472,"w":-0.7064034342765808},"size":1.0297802686691285,"orthographic":false}